{
	"version": "2",
	"baseMVA": 100,
	"bus": [
		[1,3,0,0,0,0,1,1,0,135,1,1.05,0.95],
		[2,2,5.04485072,2.95251632,0,0,1,1,0,135,1,1.1,0.95],
		[3,2,22.3182336,11.1591168,0,0,1,1,0,135,1,1.05,0.95],
		[4,2,8.8343008,1.8598528,0,0,1,1,0,135,1,1.05,0.95],
		[5,2,0,0,0,0.19,1,1,0,135,1,1.05,0.95],
		[6,2,0,0,0,0,1,1,0,135,1,1.05,0.95],
		[7,2,0,0,0,0,1,1,0,135,1,1.05,0.95],
		[8,2,13.948896,13.948896,0,0,1,1,0,135,1,1.05,0.95],
		[9,2,0,0,0,0,1,1,0,135,1,1.05,0.95],
		[10,2,6.7419664,2.324816,0,0,3,1,0,135,1,1.05,0.95],
		[11,2,0,0,0,0,1,1,0,135,1,1.05,0.95],
		[12,2,13.0189696,8.71806,0,0,2,1,0,135,1,1.05,0.95],
		[13,2,0,0,0,0,2,1,0,135,1,1.1,0.95],
		[14,2,7.2069296,1.8598528,0,0,2,1,0,135,1,1.05,0.95],
		[15,2,0,0,0,0,2,1,0,135,1,1.05,0.95],
		[16,2,4.068428,2.0923344,0,0,2,1,0,135,1,1.05,0.95],
		[17,2,10.461672,6.7419664,0,0,2,1,0,135,1,1.05,0.95],
		[18,2,3.7197056,1.0461672,0,0,2,1,0,135,1,1.05,0.95],
		[19,2,11.042876,3.9521872,0,0,2,1,0,135,1,1.05,0.95],
		[20,2,2.5572976,0.8136856,0,0,2,1,0,135,1,1.05,0.95],
		[21,2,3.390363447,2.169832606,0,0,3,1,0,135,1,1.05,0.95],
		[22,2,0,0,0,0,3,1,0,135,1,1.1,0.95],
		[23,2,22.3182336,11.1591168,0,0,2,1,0,135,1,1.1,0.95],
		[24,2,10.1129496,7.7881336,0,0.04,3,1,0,135,1,1.05,0.95],
		[25,2,0,0,0,0,3,1,0,135,1,1.05,0.95],
		[26,2,4.068428,2.6735384,0,0,3,1,0,135,1,1.05,0.95],
		[27,2,0,0,0,0,3,1,0,135,1,1.1,0.95],
		[28,2,0,0,0,0,1,1,0,135,1,1.05,0.95],
		[29,2,2.7897792,1.0461672,0,0,3,1,0,135,1,1.05,0.95],
		[30,2,0,0,0,0,3,1,0,135,1,1.05,0.95]
	],
	"gen": [
		[1,23.54,0,60,-15,1,100,1,2000,0.001],
		[2,60.97,0,60,-15,1,100,1,2000,0.001],
		[22,21.59,0,60,-15,1,100,1,2000,0.001],
		[27,26.91,0,60,-15,1,100,1,2000,0.001],
		[23,19.2,0,60,-15,1,100,1,2000,0.001],
		[13,37,0,60,-15,1,100,1,2000,0.001],
		[7,-30,0,0,0,1,100,1,0,-1000],
		[15,-30,0,0,0,1,100,1,0,-1000],
		[30,-10,0,0,0,1,100,1,0,-1000]
	],
	"branch": [
		[1,2,0.02,0.06,0.03,10000,130,130,0,0,1,-360,360],
		[1,3,0.05,0.19,0.02,10000,130,130,0,0,1,-360,360],
		[2,4,0.06,0.17,0.02,10000,65,65,0,0,1,-360,360],
		[3,4,0.01,0.04,0,10000,130,130,0,0,1,-360,360],
		[2,5,0.05,0.2,0.02,10000,130,130,0,0,1,-360,360],
		[2,6,0.06,0.18,0.02,10000,65,65,0,0,1,-360,360],
		[4,6,0.01,0.04,0,10000,90,90,0,0,1,-360,360],
		[5,7,0.05,0.12,0.01,10000,70,70,0,0,1,-360,360],
		[6,7,0.03,0.08,0.01,10000,130,130,0,0,1,-360,360],
		[6,8,0.01,0.04,0,10000,32,32,0,0,1,-360,360],
		[6,9,0,0.21,0,10000,65,65,0,0,1,-360,360],
		[6,10,0,0.56,0,10000,32,32,0,0,1,-360,360],
		[9,11,0,0.21,0,10000,65,65,0,0,1,-360,360],
		[9,10,0,0.11,0,10000,65,65,0,0,1,-360,360],
		[4,12,0,0.26,0,10,65,65,0,0,1,-360,360],
		[12,13,0,0.14,0,10000,65,65,0,0,1,-360,360],
		[12,14,0.12,0.26,0,10000,32,32,0,0,1,-360,360],
		[12,15,0.07,0.13,0,10000,32,32,0,0,1,-360,360],
		[12,16,0.09,0.2,0,10000,32,32,0,0,1,-360,360],
		[14,15,0.22,0.2,0,10000,16,16,0,0,1,-360,360],
		[16,17,0.08,0.19,0,10000,16,16,0,0,1,-360,360],
		[15,18,0.11,0.22,0,10000,16,16,0,0,1,-360,360],
		[18,19,0.06,0.13,0,10000,16,16,0,0,1,-360,360],
		[19,20,0.03,0.07,0,10000,32,32,0,0,1,-360,360],
		[10,20,0.09,0.21,0,10000,32,32,0,0,0,-360,360],
		[10,17,0.03,0.08,0,10000,32,32,0,0,0,-360,360],
		[10,21,0.03,0.07,0,10000,32,32,0,0,1,-360,360],
		[10,22,0.07,0.15,0,10000,32,32,0,0,1,-360,360],
		[21,22,0.01,0.02,0,10000,32,32,0,0,1,-360,360],
		[15,23,0.1,0.2,0,10000,16,16,0,0,1,-360,360],
		[22,24,0.12,0.18,0,10000,16,16,0,0,1,-360,360],
		[23,24,0.13,0.27,0,10,16,16,0,0,1,-360,360],
		[24,25,0.19,0.33,0,10000,16,16,0,0,1,-360,360],
		[25,26,0.25,0.38,0,10000,16,16,0,0,1,-360,360],
		[25,27,0.11,0.21,0,10000,16,16,0,0,1,-360,360],
		[28,27,0,0.4,0,10000,65,65,0,0,1,-360,360],
		[27,29,0.22,0.42,0,10000,16,16,0,0,1,-360,360],
		[27,30,0.32,0.6,0,10000,16,16,0,0,1,-360,360],
		[29,30,0.24,0.45,0,10000,16,16,0,0,1,-360,360],
		[8,28,0.06,0.2,0.02,10000,32,32,0,0,1,-360,360],
		[6,28,0.02,0.06,0.01,10000,32,32,0,0,1,-360,360]
	],
	"areas": [
		[1,8],
		[2,23],
		[3,26]
	],
	"gencost": [
		[1,0,0,4,0,0,8,4,1200,600,2000,1200],
		[1,0,0,4,0,0,8,4,1200,600,2000,1200],
		[1,0,0,4,0,0,8,4,1200,600,2000,1200],
		[1,0,0,4,0,0,8,4,1200,600,2000,1200],
		[1,0,0,4,0,0,8,4,1200,600,2000,1200],
		[1,0,0,4,0,0,8,4,1200,600,2000,1200],
		[1,0,0,4,-1000,-600,-100,-70,-5,-3,0,0],
		[1,0,0,4,-1000,-600,-100,-70,-5,-3,0,0],
		[1,0,0,4,-1000,-600,-100,-70,-5,-3,0,0]
	]
}
