{
	"o": {
		"P": {
			"qty": [
				[8,426.5407402,0],
				[0.000569536882,0,0],
				[0.0005363891339,0,0],
				[8,110.2878449,0],
				[8,153.7632084,0],
				[0.001055981507,0,0],
				[8,13.96907369,0],
				[8,71.57202955,0],
				[8,15.9987661,0],
				[8,165.5166676,0],
				[8,53.08570762,0],
				[0.09442022462,0,0],
				[8,138.9122187,0],
				[0.1219185414,0,0],
				[8,862.6274776,0],
				[0.205861536,0,0],
				[8,32.48837868,0],
				[0.106319211,0,0],
				[0,0,0],
				[0.7268387602,0,0],
				[0.0009558570587,0,0],
				[0.07826024991,0,0],
				[0.03279227891,0,0]
			],
			"prc": [
				[0.500000539,0.500000539,0.500000539],
				[0.5,0.5,0.5],
				[0.5,0.5,0.5],
				[0.5000005373,0.5000005373,0.5000005373],
				[0.5000005379,0.5000005379,0.5000005379],
				[0.5,0.5,0.5],
				[0.5000005274,0.5000005274,0.5000005274],
				[0.5000005363,0.5000005363,0.5000005363],
				[0.500000529,0.500000529,0.500000529],
				[0.500000538,0.500000538,0.500000538],
				[0.5000005353,0.5000005353,0.5000005353],
				[0.5,0.5,0.5],
				[0.5000005378,0.5000005378,0.5000005378],
				[0.5,0.5,0.5],
				[0.5000005399,0.5000005399,0.5000005399],
				[0.5,0.5,0.5],
				[0.5000005331,0.5000005331,0.5000005331],
				[0.5,0.5,0.5],
				[0.4998831492,0.4998831492,0.4998831492],
				[0.5,0.5,0.5],
				[0.5,0.5,0.5],
				[0.5,0.5,0.5],
				[0.5,0.5,0.5]
			]
		}
	},
	"b": {
		"P": {
			"qty": [
				[560.3932659,0,0],
				[160.7054588,0,0],
				[95.90242964,0,0],
				[0.1090517652,0,0],
				[49.29998785,0,0],
				[207.3393664,0,0],
				[899.9999999,0,0]
			],
			"prc": [
				[0.5888888889,0.5888888889,0.5888888889],
				[0.5888888889,0.5888888889,0.5888888889],
				[0.5888888889,0.5888888889,0.5888888889],
				[0.5888888889,0.5888888889,0.5888888889],
				[0.5888888889,0.5888888889,0.5888888889],
				[0.5888888889,0.5888888889,0.5888888889],
				[0.5888888889,0.5888888889,0.5888888889]
			]
		}
	}
}
