{
	"dev_gen0": [0,0,0,0,0,0,0,177.3292864,716.0441875,1250.879176,1581.498572,1665.945484,1609.532546,1633.530334,1672.274129,1376.616927,959.8020632,378.581929,14.22401756,0,0,0,0,0],
	"dev_load0": [0.02476968978,0.02778477758,0.02971138504,0.03000986198,0.03077678792,0.03170431117,0.03980899646,0.05064698273,0.04889659305,0.03721389719,0.03886753219,0.03398211367,0.0302812036,0.02868245012,0.02500025078,0.03136998849,0.05226751242,0.08485532367,0.08341581631,0.03249513337,0.03356471883,0.0168455717,0.01829356017,0.01957576086],
	"dev_gen1": [0,0,0,0,0,0,0,1773.292295,7160.442597,12508.79195,15814.98612,16659.45455,16095.32552,16335.30384,16722.74188,13766.169,9598.02019,3785.81901,142.2407531,0,0,0,0,0],
	"dev_load1": [2.514775941,2.514775941,2.514775941,2.514775941,2.514775941,3.959519868,37.98288529,37.7145856,50.63862834,43.70498774,42.12831383,41.37511903,41.24355224,41.22855192,41.64643588,42.68203777,44.80794711,41.8455498,32.66162809,32.74050545,28.82850341,30.08491475,3.772163912,2.514775941],
    "dev_gen3": [0,0,0,0,0,0,0,6206.523024,25061.54939,43780.77199,55352.45149,58308.09223,56333.63801,57173.56386,58529.59534,48181.59012,33593.0701,13250.36668,497.8424968,0,0,0,0,0],
	"dev_load3": [6.768041188,6.108536865,5.810626156,5.530838762,9.753722777,9.665817782,13.5405488,12.04060178,22.9872849,41.79119186,25.34499154,25.06195431,15.54010134,15.66825983,15.84292711,16.23408492,16.22886478,26.37349271,22.46574774,25.60808636,18.83488471,8.464809795,7.151529435,6.378996005],
    "dev_gen4": [0,0,0,0,0,0,0,354.6584632,1432.088531,2501.758413,3162.997278,3331.890959,3219.065001,3267.060655,3344.548448,2753.233821,1919.604121,757.1638118,28.44810566,0,0,0,0,0],
	"dev_load4": [0.09932988291,0.07107583719,0.06689501496,0.06460149382,0.2421722417,0.23829354,0.1155819569,0.4638704729,0.1695452087,0.3055557194,0.5972711865,1.07385654,1.514965163,1.793663244,1.832403924,1.899600678,1.931317079,1.745365927,1.348332557,1.136223105,0.7418326191,0.5069385301,0.331325343,0.2001729977]
}


	
